name,email,company,role,industry,company_size,website,ai_persona,priority,priority_score,enrichment_notes,email_subject,email_body,email_sent_at,email_status
Sarah Chen,sarah.chen@techcorp.io,TechCorp,VP of Engineering,SaaS,100-500,techcorp.io,Strategic Engineering Leader,High,8,"Sarah Chen is a seasoned VP of Engineering with 10+ years of experience in the SaaS industry. She is responsible for driving technical innovation and operational efficiency within TechCorp. Key characteristics: data-driven decision maker, prioritizes scalability and reliability, and values long-term partnerships. Pain points: balancing technical debt, managing cross-functional teams, and staying up-to-date with emerging technologies. Motivations: improving product quality, reducing costs, and increasing market competitiveness. She is likely to be influenced by case studies, industry benchmarks, and recommendations from trusted peers. | Approach: Build a relationship by highlighting the technical benefits and ROI of our solution. Leverage case studies and success stories from similar SaaS companies. Emphasize the scalability and reliability of our platform to address her pain points. Use data and metrics to demonstrate the value proposition and differentiate our solution from competitors.",Unlock Hidden Productivity in Your Engineering Teams,"Hi Sarah, 
   I came across TechCorp and was impressed by the innovative solutions you're bringing to the SaaS industry. As a strategic engineering leader, I'm sure you're always looking for ways to optimize your team's performance and reduce costs. Our AI-powered business automation platform has helped engineering teams like yours streamline operations, freeing up resources for high-value initiatives. Would love to share how we've helped similar companies like yours achieve 30% productivity gains and scale efficiently. Let's schedule a quick call to explore how we can support TechCorp's growth. Best regards, [Your Name]",None,failed
Michael Rodriguez,m.rodriguez@retailmax.com,RetailMax,CTO,Retail,500+,retailmax.com,Strategic Technology Architect,High,8,"Michael Rodriguez is a CTO of RetailMax, a large retail company with over 500 employees. He is a strategic thinker, overseeing the company's technology infrastructure and guiding its digital transformation. Michael is likely focused on improving operational efficiency, enhancing customer experience, and driving business growth through technology. He values innovative solutions that align with RetailMax's long-term goals and is likely concerned with scalability, security, and integration. Michael may be experiencing pain points such as legacy system maintenance, data siloing, or inadequate employee training, which could be impacting his team's productivity and the company's overall performance. | Approach: Develop a tailored messaging strategy highlighting RetailMax's specific pain points and how your solutions can address them. Emphasize the strategic benefits of your technology, such as enhanced customer experience, improved operational efficiency, and increased revenue growth. Use case studies and success stories from similar retail companies to build credibility and trust. It's essential to have a clear understanding of RetailMax's current technology stack and identify areas where your solutions can integrate seamlessly. Establish a relationship with Michael and his team by offering valuable insights, best practices, and thought leadership in the retail technology space.",Unlock the Hidden Efficiency in Your Operations,"Hi Michael, 

As CTO at RetailMax, you're no stranger to the challenges of scaling a retail business while maintaining profit margins. I'm guessing you're constantly juggling the need to innovate with the pressure to keep costs under control.

Our AI-powered business automation platform has been helping similar companies in the retail space streamline operations and reduce waste. We've seen a 30% decrease in manual labor costs and a 25% increase in supply chain efficiency for our clients.

Would love to share how we've helped similar companies like yours achieve these results without disrupting their existing workflows. Would you be open to a quick call to explore further?",None,failed
Emma Thompson,emma.t@healthplus.org,HealthPlus,Director of IT,Healthcare,50-100,healthplus.org,Healthcare IT Director,High,9,"Emma Thompson is a seasoned IT Director at HealthPlus, responsible for overseeing the technology strategy and operations of a mid-sized healthcare organization. She is likely focused on ensuring the security, scalability, and reliability of HealthPlus's IT systems, while also driving innovation and cost savings. Her key pain points include managing cybersecurity risks, optimizing IT infrastructure, and meeting the evolving needs of healthcare providers and patients. She values expertise, reliability, and a proven track record of success in the healthcare industry. What motivates her is the potential for IT solutions to improve patient outcomes, enhance the provider experience, and reduce operational costs. | Approach: Approach Emma with a consultative, solution-oriented approach that highlights the specific challenges and opportunities in the healthcare IT space. Emphasize the value proposition of our solution in addressing her pain points, such as enhanced security, improved efficiency, and better patient outcomes. Use case studies, success stories, and industry insights to build credibility and trust. Be prepared to provide detailed information about our solution, its implementation, and its ROI.",Unlock Hidden Efficiency in Your Healthcare Operations,"Hi Emma, 

I came across HealthPlus and was impressed with your commitment to delivering top-notch patient care. As the Director of IT, I'm sure you're no stranger to the challenges of managing complex healthcare operations. Between regulatory compliance, data security, and staff efficiency, it can be overwhelming to keep everything running smoothly.

That's why I'd love to share how our AI-powered business automation platform has helped similar healthcare organizations like yours streamline operations, reduce costs, and scale efficiently. Our platform automates repetitive tasks, freeing up your team to focus on what matters most.

Would love to set up a call to discuss how our platform can benefit HealthPlus. If you're open, I'd be happy to schedule a time that suits you best.

Best regards, [Your Name]",None,failed
James Wilson,jwilson@fintech.co,FinTech Solutions,CEO,Financial Services,20-50,fintech.co,Strategic Business Leader,High,9,"James is a visionary CEO who prioritizes innovation and growth for FinTech Solutions. He's likely tech-savvy, with a strong understanding of the financial services industry. Key pain points include reducing operational costs, enhancing customer experience, and staying ahead of regulatory requirements. James values efficiency, scalability, and security. He's motivated by the potential for cost savings, increased revenue, and improved brand reputation. Decision-making is often driven by business outcomes and ROI. | Approach: Focus on the business benefits of our solution, highlighting how it can drive cost savings, improve efficiency, and enhance customer experience. Emphasize the scalability and security of our platform, and be prepared to provide case studies or references from similar FinTech companies. Build a relationship with James by sharing industry insights and thought leadership, establishing trust and credibility before making a specific sales pitch.",Unlock Efficiency in Financial Services: AI-Powered Automation,"Hi James, I came across FinTech Solutions and was impressed by your team's dedication to revolutionizing the financial services industry. As a CEO, I'm sure you're constantly looking for ways to optimize operations and stay ahead of the competition. Our AI-powered business automation platform helps companies like yours streamline processes, reduce costs, and scale efficiently. I'd love to share how we've helped similar companies in the financial services space achieve remarkable results. Would you be open to a quick call to discuss further?",None,failed
Lisa Patel,lpatel@edulearn.edu,EduLearn,VP of Operations,Education,100-500,edulearn.edu,Strategic Operations Leader,Medium,7,"Lisa Patel is a seasoned VP of Operations at EduLearn, responsible for optimizing processes and driving efficiency. She's data-driven, analytical, and focused on improving student outcomes. Key pain points include managing costs, streamlining operations, and ensuring compliance. What motivates Lisa are metrics-driven solutions, innovative technologies that improve student success, and partnerships that enhance her team's capabilities. She values trust, transparency, and clear ROI. | Approach: Build trust by highlighting case studies of similar education institutions, emphasizing data-driven insights, and showcasing the cost savings and operational efficiencies achieved through our solution. Schedule a call to discuss EduLearn's specific pain points and propose a tailored approach. Use language that resonates with Lisa's focus on student success and outcomes.",Unlock Hidden Efficiency in Your Operations,"Hi Lisa, 
   I came across EduLearn and was impressed with the great work you're doing in education. As a VP of Operations, I'm guessing you're always looking for ways to optimize processes and reduce costs. Our AI-powered business automation platform has helped similar companies in the industry streamline operations, scale efficiently, and make data-driven decisions. Would love to share how we've helped similar companies in the education sector achieve significant cost savings and process improvements. Would be happy to schedule a quick call to explore further.",None,failed
David Kim,dkim@manufacturing.biz,ProManufacture,Head of Digital,Manufacturing,500+,manufacturing.biz,Strategic Digital Transformation Leader,High,8,"David is a seasoned professional with a focus on driving digital innovation within ProManufacture. Key characteristics include a strong technical acumen, a customer-centric mindset, and a keen sense of business strategy. Pain points may include keeping pace with rapidly evolving technology, addressing internal resistance to change, and ensuring alignment with business goals. What motivates David is the potential for digital transformation to drive efficiency, improve customer experiences, and foster growth. He values data-driven insights, innovative solutions, and strong partnerships. | Approach: A tailored approach would be to emphasize the strategic benefits of digital transformation, highlighting case studies and success stories that resonate with ProManufacture's industry and business goals. Building a rapport with David and establishing trust will be key. This may involve identifying and addressing specific pain points, showcasing the value of our solutions in driving efficiency and innovation, and providing data-driven insights to inform decision-making.",Unlock Hidden Efficiency in Your Operations,"Hi David,
 
 I came across ProManufacture and was impressed with your company's commitment to innovation. As the Head of Digital, I'm sure you're always looking for ways to optimize your operations and stay ahead in the competitive manufacturing landscape.
 
 At our company, we've seen firsthand how inefficient processes can hinder growth and profitability. That's why we've developed an AI-powered business automation platform that can help streamline your operations, reduce costs, and scale efficiently.
 
 Would love to share how we've helped similar companies in the manufacturing industry achieve significant savings and improvements in productivity. Would you be open to a quick call to explore further?",None,failed
Rachel Green,rachel@startup.io,StartupHub,Founder,Technology,1-20,startup.io,Innovation-Oriented Founder,High,8,"Rachel Green is a driven founder of a small, agile technology startup. She wears multiple hats and prioritizes innovation and efficiency to stay ahead in the competitive tech industry. Key pain points include limited resources, scalability challenges, and the need for cutting-edge solutions to impress investors and attract top talent. Motivated by the potential for exponential growth, she values flexibility, cost-effectiveness, and expertise in her technology partners. | Approach: Emphasize the value proposition of our innovative solution in addressing scalability and efficiency challenges, highlighting case studies of successful, similar startups. Leverage thought leadership content and webinars to establish our expertise and build trust. Schedule personalized demos to showcase the flexibility and cost-effectiveness of our solution, and discuss potential partnership opportunities to support future growth.",Unlock the Secrets to Scaling Your Startup Without Burning Out,"Hi Rachel,

I came across StartupHub and was impressed by your vision for the tech industry. As a founder, I'm sure you're no stranger to the challenges of scaling a business while juggling multiple responsibilities. It's tough to keep up with the pace, isn't it?

Our AI-powered business automation platform has helped similar companies like yours streamline operations, reduce costs, and scale efficiently. We'd love to share how we've helped others in your shoes achieve remarkable growth without sacrificing team morale.

Would love to discuss how our solution can do the same for StartupHub. Let's grab a call and explore further.

Best, [Your Name]",None,failed
Robert Martinez,rmartinez@logistics.com,FastShip Logistics,COO,Logistics,100-500,fastship.com,Logistics Operations Strategist,High,8,"Robert Martinez, the COO of FastShip Logistics, is a results-driven executive focused on optimizing operational efficiency. Key characteristics include: 
   - A data-driven decision maker who relies on metrics and KPIs to inform strategic choices
   - Concerned about reducing costs and increasing productivity
   - Values technology adoption that streamlines logistics operations
   - Motivated by improvements in supply chain visibility and customer satisfaction
   - Has a complex problem-solving approach, considering multiple stakeholders and their needs | Approach: Emphasize the potential for cost savings, streamlined operations, and improved supply chain visibility through advanced logistics technology. Highlight case studies or success stories from similar companies in the industry. Build a relationship with Robert by sharing relevant industry insights and thought leadership pieces. Focus on the benefits of automation and data-driven decision making, and be prepared to discuss how your solution addresses specific pain points in his operational strategy.",Unlock Hidden Capacity in Your Logistics Operations,"Hi Robert, 
   I came across FastShip Logistics and was impressed by your company's dedication to delivering top-notch logistics services. As the COO, I'm sure you're always on the lookout for innovative ways to optimize operations and stay ahead of the game.

   I'd love to share how our AI-powered business automation platform has helped companies like yours reduce costs by up to 30% and scale more efficiently. Would love to share how we've helped similar companies in the logistics industry achieve similar results. Let me know if you're open to exploring this further.

   Best, [Your Name]",None,failed
Amanda Foster,afoster@consulting.net,Foster Consulting,Managing Partner,Consulting,20-50,fosterconsult.net,Strategic Partnership Decision Maker,High,9,"Amanda Foster is a seasoned Managing Partner with 10+ years of experience in the consulting industry. Key characteristics include analytical thinking, expertise in identifying business opportunities, and strong leadership skills. As a strategic decision-maker, she is driven by business outcomes, client satisfaction, and team performance. Pain points may include identifying innovative solutions to stay competitive, managing resources effectively, and finding efficient ways to deliver high-quality services. Motivations include expanding Foster Consulting's customer base, improving operational efficiency, and attracting top talent. She values partnerships that provide strategic insights, tailored solutions, and measurable results. | Approach: Develop a personalized, outcome-focused messaging approach centered around how our solution addresses Foster Consulting's specific pain points and goals. Emphasize the value of our partnership in driving business growth, improving operational efficiency, and enhancing team performance. Utilize case studies, thought leadership content, and data-driven insights to demonstrate the impact of our solution on similar consulting firms. Establish a rapport with Amanda by highlighting our expertise in the consulting industry and our commitment to delivering tailored solutions.",The Secret to Unlocking Operational Efficiency in Consulting Firms,"Hi Amanda,  
As a Managing Partner at Foster Consulting, you've likely encountered the challenges of managing multiple clients, projects, and teams while maintaining high profitability. I understand the pressure to optimize your firm's operations without sacrificing service quality. Our AI-powered business automation platform helps companies like yours streamline processes, reduce costs, and scale efficiently. Would love to share how we've helped similar consulting firms achieve 30% cost savings and 25% increase in billable hours. Let me know if you're interested in exploring further.",None,failed
Kevin Brown,kbrown@ecommerce.shop,ShopNow,Head of Growth,E-commerce,50-100,shopnow.com,E-commerce Growth Strategist,High,8,"Kevin Brown is a results-driven Head of Growth at ShopNow, responsible for driving business expansion. He is analytical, data-oriented, and focused on achieving growth targets. Kevin is likely stressed about meeting sales projections and may be looking for innovative solutions to stay ahead of competitors in the crowded e-commerce space. He values efficiency, scalability, and the ability to quickly adapt to changing market trends. | Approach: Emphasize the value of data-driven decision-making and how our solutions can help ShopNow achieve its growth goals. Highlight case studies or success stories from similar e-commerce companies that have seen significant improvements in growth rates. Use metrics and statistics to demonstrate the potential ROI of our solutions. Schedule a call to discuss specific pain points and challenges Kevin is facing, and present a tailored solution that addresses his needs.",Unlock Hidden Growth in Your E-commerce Operations,"Hi Kevin, 
   I came across ShopNow and was impressed with your growth strategy. As a Head of Growth, you must be aware of the operational bottlenecks that slow you down. Our AI-powered automation platform has helped similar e-commerce companies like Zappos and Sephora reduce costs by up to 30% and scale efficiently. Would love to share how we've helped them and explore if we can do the same for ShopNow. Let me know if you're open to a quick call.",None,failed
Jennifer Lee,jlee@biotech.com,BioInnovate,Chief Science Officer,Biotechnology,100-500,bioinnovate.com,Technical Visionary in Biotech R&D,High,9,"Jennifer Lee is a highly educated and experienced Chief Science Officer at BioInnovate. She is responsible for driving the company's research and development agenda, ensuring that it remains at the forefront of biotechnology innovation. Key characteristics include: 
   - Highly technical expertise in biotechnology
   - Strong understanding of industry trends and emerging technologies
   - Results-driven and focused on delivering breakthroughs
   - Influenced by scientific credibility and peer recognition
   - Motivated by the potential to improve human health and advance scientific knowledge
   Pain points include:
   - Managing a complex R&D pipeline
   - Balancing the need for innovation with the need for commercial viability
   - Staying up-to-date with the latest advancements in biotechnology
   - Finding and partnering with the right vendors to support R&D efforts | Approach: Establish trust and credibility by highlighting scientific expertise and real-world applications. Emphasize how our solution can help BioInnovate accelerate its R&D pipeline, improve collaboration, and enhance its competitive edge. Use case studies and peer endorsements to support claims, and offer personalized demos or trials to showcase the value proposition.",Unlock the Full Potential of Your Biotech Team,"Hi Jennifer, 

I came across BioInnovate's innovative work in biotech R&D and wanted to reach out. As a Chief Science Officer, I'm sure you're no stranger to the challenges of juggling complex projects, managing teams, and meeting tight deadlines. Our AI-powered business automation platform has helped similar companies in the biotech space reduce operational costs by up to 30% and scale their teams more efficiently.

Would love to share how we've helped similar companies like yours achieve their goals. If you're open to exploring new ways to streamline your operations, I'd be happy to schedule a quick call to discuss further.",None,failed
Daniel Garcia,dgarcia@insurance.co,SafeGuard Insurance,VP of Technology,Insurance,500+,safeguard.com,Tech-Savvy Insurance Executive,Medium,7,"Daniel Garcia is a strategic and results-driven VP of Technology at SafeGuard Insurance. He is responsible for driving innovation, improving operational efficiency, and ensuring the company stays ahead of competitors in the rapidly evolving insurance industry. Key characteristics include:
   - Highly analytical and data-driven decision maker
   - Focused on cost reduction and process improvements
   - Seeks innovative solutions to stay competitive
   - Prioritizes scalability, security, and reliability
   - Collaborates closely with business stakeholders to align technology with business objectives
   Pain points include:
   - Managing a large IT infrastructure
   - Reducing costs and improving efficiency
   - Staying up-to-date with the latest industry trends and technologies
   - Balancing business needs with technical feasibility
   Motivations include:
   - Improving customer experiences through technology
   - Enhancing data-driven decision making
   - Fostering a culture of innovation within the organization
   - Demonstrating ROI on technology investments | Approach: To effectively engage with Daniel Garcia, we should focus on highlighting the strategic benefits of our solutions, such as cost savings, improved efficiency, and enhanced customer experiences. Emphasize how our technology can help SafeGuard Insurance stay ahead of competitors and drive business growth. Utilize data-driven storytelling to showcase the impact of our solutions on similar companies in the insurance industry. Schedule a call to discuss case studies and provide a personalized demo tailored to his specific pain points and goals.",Unlock Hidden Efficiency in Your Operations,"Hi Daniel, 
   I came across SafeGuard Insurance and was impressed with your team's innovative approach to insurance. As VP of Technology, you must be constantly looking for ways to optimize your tech stack and drive business growth. I'd love to share how our AI-powered automation platform can help your team save time, reduce costs, and scale more efficiently. Our platform has already helped similar companies in the insurance industry streamline their operations and make data-driven decisions. Would love to share more about it. Best, [Your Name]",None,failed
Michelle Taylor,mtaylor@media.tv,MediaStream,Content Director,Media & Entertainment,50-100,mediastream.tv,Innovation Champion - Content Director,Medium,6,"Michelle is a creative and forward-thinking Content Director at MediaStream. She's responsible for developing engaging content strategies that resonate with their target audience. Key pain points include staying up-to-date with the latest industry trends, managing team performance, and balancing creative vision with business objectives. Michelle is motivated by the potential for innovative storytelling, team collaboration, and measurable success. She values expert opinions, real-world case studies, and data-driven insights. | Approach: Focus on highlighting the creative possibilities of our solution, showcasing real-world examples of how it has helped other media companies drive engagement and revenue growth. Emphasize the collaborative aspects of our platform and how it can help Michelle's team stay organized and focused on their goals. Tailor the messaging to appeal to Michelle's desire for innovative storytelling and measurable success, using language and metrics that resonate with her business objectives.",Unlock Efficiency in Your Content Creation Process,"Hi Michelle, 

I came across MediaStream and noticed you're leading the charge on innovative content strategies. I'm sure you're constantly looking for ways to deliver engaging content to your audience while keeping costs in check. AI-powered automation can be a game-changer for content teams like yours. Our platform helps streamline operations, reducing manual workload and freeing up resources for creative pursuits.

Would love to share how we've helped similar companies in the media and entertainment space optimize their content creation processes. Let me know if you'd like to explore further.

Best, [Your Name]",None,failed
Christopher White,cwhite@automotive.com,AutoTech Solutions,Director of Innovation,Automotive,500+,autotech.com,Innovation Strategist,High,9,"Christopher White is a visionary leader who drives innovation at AutoTech Solutions. He is a strategic thinker, always looking for ways to stay ahead of the competition and improve operational efficiency. Key characteristics include: 
   - Highly analytical and data-driven decision making
   - Focused on long-term growth and sustainability
   - Collaborative leader who values input from cross-functional teams
   - Open to exploring new technologies and partnerships
   - Concerned about meeting regulatory requirements and maintaining a competitive edge in the rapidly changing automotive industry. 
   Motivated by: the potential to transform business operations, improve customer experiences, and achieve strategic objectives. | Approach: Build a relationship with Christopher by highlighting the potential of our solution to drive innovation, improve operational efficiency, and enhance the customer experience. Emphasize how our technology can help AutoTech Solutions stay competitive in the market, comply with regulatory requirements, and drive long-term growth. Use case studies and data-driven success stories to demonstrate the value of our solution and provide a clear return on investment. Focus on the strategic benefits and how they align with Christopher's goals and priorities.",The Secret Ingredient Missing in Your Innovation Strategy,"Hi Christopher,

As a Director of Innovation at AutoTech Solutions, I'm sure you're under pressure to drive growth and efficiency in a rapidly changing automotive landscape. With increasing competition and pressure to innovate, it can be overwhelming to keep up with the pace.

That's why I wanted to share with you how our AI-powered business automation platform has helped similar companies like yours streamline operations, reduce costs, and scale more efficiently. By automating routine tasks and freeing up resources for high-leverage activities, our clients have been able to accelerate innovation and stay ahead of the curve.

Would love to share how we've helped similar companies in the automotive industry achieve their goals. Would you be open to a quick call to explore further?

Best regards,
[Your Name]",None,failed
Patricia Anderson,panderson@realestate.pro,PropTech Realty,COO,Real Estate,100-500,proptech.pro,Innovation Champion with Operational Focus,Medium,6,"Key Characteristics:
   - Patricia Anderson is a seasoned COO with 10+ years of experience in the PropTech industry.
   - She is responsible for overseeing operational efficiency and driving innovation within PropTech Realty.
   - Patricia is a strategic thinker, always looking for ways to improve processes, reduce costs, and enhance customer experience.
   - Her priorities include staying ahead of market trends, reducing administrative burdens, and increasing employee productivity.
   - Pain points:
     - Difficulty in integrating existing systems and technologies to support business growth.
     - Challenges in finding the right tools to streamline operations and improve data-driven decision-making.
   - Motivations:
     - To stay competitive in the rapidly evolving real estate market.
     - To improve operational efficiency and reduce costs.
     - To enhance the customer experience through innovative solutions.
   - Values:
     - Efficiency
     - Innovation
     - Customer satisfaction
    | Approach: To approach Patricia, we should focus on highlighting the operational and efficiency benefits of our solutions, rather than just their technical capabilities. Emphasize how our tools can help PropTech Realty streamline processes, reduce administrative burdens, and improve data-driven decision-making. Use case studies and success stories to demonstrate the impact we've had on similar businesses in the PropTech industry. Build trust by showcasing our expertise and thought leadership in operational innovation and efficiency.",The Secret to Scaling PropTech Realty without Breaking the Bank,"Hi Patricia,

I came across PropTech Realty and was impressed by your innovative approach to the real estate industry. As COO, I'm guessing you're always on the lookout for ways to optimize operations, reduce costs, and drive growth.

Our AI-powered automation platform has helped numerous companies in the PropTech space streamline their processes, saving them an average of 30% on operational costs. I'd love to share how we've helped similar companies like yours scale efficiently without sacrificing quality.

Would love to schedule a quick call to discuss further. No sales pitch, just a conversation about how we can help.

Best, [Your Name]",None,failed
Thomas Martinez,tmartinez@hospitality.hotel,LuxStay Hotels,VP of Operations,Hospitality,500+,luxstay.com,Operational Efficiency Champion,High,8,"Key Characteristics:
- Strategic thinker focused on maximizing hotel operations' productivity.
- Driven by cost savings, streamlined processes, and minimizing downtime.
- Analytical and data-driven, relying on KPIs to inform decisions.
- Collaborative leader who values feedback from team members.

Pain Points:
- Managing large teams and complex hotel operations.
- Balancing competing priorities and resource constraints.
- Ensuring guest satisfaction while maintaining operational efficiency.

Motivations:
- Achieving operational excellence through innovation and technology.
- Reducing costs and increasing revenue.
- Enhancing the guest experience through seamless hotel operations. | Approach: Approach Thomas with a customer-centric, ROI-focused message that highlights operational efficiency, cost savings, and streamlined processes. Emphasize how our solution can help LuxStay Hotels reduce downtime, boost productivity, and enhance the guest experience. Leverage case studies and data-driven success stories to build credibility and demonstrate the value proposition.",Quick question for LuxStay Hotels,"Hi Thomas,

I hope this email finds you well. I wanted to reach out because we've been helping companies in Hospitality streamline their operations with AI-powered solutions.

Would you be open to a brief conversation about how we might help LuxStay Hotels?

Best regards",None,failed
Jessica Moore,jmoore@nonprofit.org,Global Impact Foundation,Executive Director,Non-Profit,20-50,globalimpact.org,Mission-Driven Executive Director,Medium,6,"Jessica Moore is a compassionate and driven Executive Director of the Global Impact Foundation, a mid-sized non-profit organization. She is a key decision-maker, responsible for overseeing the organization's overall strategy and direction. Jessica is motivated by the desire to maximize her organization's positive impact on society. She is likely concerned with finding cost-effective solutions that align with her organization's mission and values. Key pain points include limited resources, competing priorities, and the need to demonstrate measurable results. Jessica values transparency, collaboration, and innovation in her partnerships. | Approach: Emphasize the social impact and alignment with the Global Impact Foundation's mission. Highlight any cost savings or efficiency gains that can be achieved through our solution. Be prepared to provide case studies or examples of successful implementations in similar non-profit organizations. Build trust by being transparent about our approach and outcomes. Focus on the benefits and value proposition rather than just listing features.",Unlocking Efficiency Without Sacrificing Your Mission,"Hi Jessica, 

I came across the Global Impact Foundation's mission to empower underserved communities and was impressed by the impact you're making. As an Executive Director, I know you're constantly juggling limited resources and high expectations. Many non-profits struggle with inefficient processes, which can divert attention and funds from your core mission.

Our AI-powered automation platform can help you streamline operations, reduce costs, and scale more effectively. This would free up more time and resources for what matters most: driving meaningful change. Would love to share how we've helped similar companies like the Red Cross and St. Jude Children's Research Hospital.

Best, [Your Name]",None,failed
Ryan Jackson,rjackson@telecom.net,ConnectCorp,CTO,Telecommunications,500+,connectcorp.net,Technology Strategist,High,9,"Ryan Jackson is a seasoned CTO with a strong technical background and a keen eye for innovation. He's responsible for driving ConnectCorp's technology vision and overseeing its execution. Key pain points include managing complex technology ecosystems, meeting ever-evolving security demands, and ensuring seamless integration with existing infrastructure. Ryan values expertise, reliability, and flexibility in the solutions he considers. He's motivated by staying ahead of the competition, improving operational efficiency, and enhancing customer satisfaction. | Approach: Develop a consultative approach focused on strategic alignment with ConnectCorp's goals. Highlight the technical expertise and proven success of your solutions in the telecommunications industry. Emphasize the flexibility and scalability of your offerings to address Ryan's complex technology ecosystem and security concerns. Use case studies and success stories to demonstrate the value of your solutions in improving operational efficiency and customer satisfaction.",Unlock the Secrets of 30% Cost Savings in Telecom Ops,"Hi Ryan, 
   As the CTO of ConnectCorp, I'm sure you're well aware of the constant pressure to innovate while keeping costs in check. In telecom, every percentage point counts. Our AI-powered automation platform has helped similar companies like yours reduce operational expenses by 30% and scale their services more efficiently. Would love to share how we've helped similar companies in the industry. Would appreciate the chance to explore if our solution could do the same for ConnectCorp.",None,failed
Laura Harris,lharris@energy.solar,GreenEnergy Solutions,Director of Technology,Energy,100-500,greenenergy.solar,Strategic Energy Sector Technology Leader,High,8,"Laura Harris is a senior-level technology leader at GreenEnergy Solutions, a mid-sized company in the energy sector. She is responsible for overseeing the company's technology strategy and ensuring its alignment with business objectives. Key characteristics include: strategic thinker, technology visionary, and budget holder. Pain points include: meeting sustainability goals, maintaining technology competitiveness, and ensuring seamless operations. Laura values innovative solutions, reliable vendors, and measurable ROI. She is likely a busy professional with limited time for unnecessary sales pitches. | Approach: Build rapport by highlighting the alignment of our technology with GreenEnergy Solutions' sustainability goals. Emphasize the strategic value proposition, and provide case studies or proof points demonstrating measurable ROI. Offer a personalized, consultative approach to understand Laura's specific challenges and tailor our solution accordingly.",Unlock Hidden Efficiency in Your Energy Operations,"Hi Laura, 
As Director of Technology at GreenEnergy Solutions, I'm sure you're constantly looking for ways to optimize your operations, reduce costs, and stay ahead of the energy sector's digital transformation. Our AI-powered business automation platform has helped similar companies in the energy sector transform their operations, resulting in significant cost savings and improved scalability. Would love to share how we've helped similar companies in the energy space with their operational efficiency. Would be happy to schedule a quick call to explore further.",None,failed
Brandon Clark,bclark@fashion.store,TrendSetters,Head of Digital,Fashion & Retail,50-100,trendsetters.store,Digital Visionary,Medium,7,"Brandon Clark is a forward-thinking Head of Digital at TrendSetters, a mid-sized fashion and retail company. He is driven by innovation, customer experience, and staying ahead of competitors. He is likely tech-savvy, with a focus on digital strategy, e-commerce, and marketing. Key pain points include keeping up with rapidly changing consumer behaviors, balancing business goals with emerging technology trends, and optimizing resources to drive results. Brandon values creativity, collaboration, and data-driven decision-making. | Approach: Approach Brandon through a strategic discussion on how our technology can enhance TrendSetters' digital presence, improve customer engagement, and drive business growth. Highlight success stories from similar companies in the fashion and retail industry. Use data and case studies to demonstrate ROI and the value of our solution. Consider partnering with TrendSetters to co-create innovative digital experiences, showcasing our ability to think ahead and adapt to their evolving needs.",The Hidden Cost of Manual Processes in Fashion: Is Your Competitor Outpacing You?,"Hi Brandon, 
   I came across TrendSetters and was impressed with your digital initiatives. As Head of Digital, I'm sure you're aware of the constant struggle to scale while keeping costs under control. Manual processes can be a significant bottleneck in the fashion industry, leading to lost revenue and decreased customer satisfaction. Our AI-powered automation platform has helped similar fashion companies like yours streamline operations, reduce costs, and scale efficiently. Would love to share how we've helped companies like yours achieve these results. Let me know if you'd like to explore further.",None,failed
Nicole Lewis,nlewis@pharma.rx,MediCure Pharmaceuticals,VP of R&D,Pharmaceuticals,500+,medicure.rx,Innovation Champion in the Pharmaceuticals Industry,High,9,"Nicole Lewis, VP of R&D at MediCure Pharmaceuticals, is a strategic leader who drives innovation and growth within her organization. She is likely detail-oriented, analytical, and forward-thinking, with a strong focus on delivering high-quality products to market. Key pain points include staying up-to-date with the latest regulatory requirements, managing R&D budgets, and maintaining collaboration with cross-functional teams. What motivates Nicole is the ability to improve patient outcomes, drive business growth, and stay ahead of industry trends. She values expertise, efficiency, and innovation in her partnerships. | Approach: To approach Nicole, emphasize the value of our solutions in enhancing R&D efficiency, reducing regulatory risks, and driving innovation. Highlight case studies or success stories within the pharmaceuticals industry, and demonstrate expertise in addressing her specific pain points. A consultative approach, focusing on her business goals and objectives, will likely resonate with Nicole. Be prepared to provide tailored solutions and collaborative partnership opportunities that align with her department's needs.",Unlocking Breakthroughs in R&D Efficiency,"Hi Nicole, 
   I wanted to personally reach out to you as the VP of R&D at MediCure Pharmaceuticals, given your team's focus on innovation and growth. I'm sure you're aware of the increasingly complex regulatory landscape and rising R&D costs that can hinder your pursuit of new treatments. Our AI-powered business automation platform has helped similar pharmaceutical companies streamline their operations, reduce costs by up to 30%, and scale more efficiently. Would love to share how we've helped companies like yours accelerate their R&D pipelines and bring new therapies to market faster.",None,failed
Eric Walker,ewalker@gaming.gg,GameVerse Studios,Product Director,Gaming,100-500,gameverse.gg,Gaming Industry Product Strategist,High,8,"Eric Walker is a product director at GameVerse Studios, responsible for overseeing product development and strategy. He is likely a technical expert with a deep understanding of the gaming industry, its trends, and market needs. As a product director, Eric is focused on driving innovation, improving customer experience, and increasing revenue growth. He is likely under pressure to deliver high-quality products on time and within budget. Eric values data-driven decision-making, collaboration, and staying ahead of the competition. He is a key influencer in product development decisions and has the ability to allocate resources and prioritize projects. | Approach: We should approach Eric with a value-driven messaging that highlights the strategic benefits of our solution, such as improving customer engagement, increasing player retention, and enhancing the overall gaming experience. Emphasize how our solution can help GameVerse Studios stay competitive in the market, drive revenue growth, and improve operational efficiency. Use case studies and data-driven insights to demonstrate the impact of our solution on similar gaming companies. Establish a relationship with Eric by showcasing our expertise, thought leadership, and willingness to collaborate on product development and strategy.",The Secret to Unlocking GameVerse's Full Potential?,"Hi Eric, I came across GameVerse Studios and was impressed by your team's innovative approach to immersive gaming experiences. As a Product Director, I imagine you're constantly looking for ways to optimize operations, reduce costs, and scale efficiently. That's where our AI-powered business automation platform comes in â€“ we've helped gaming companies like yours streamline processes, freeing up resources to focus on what matters most: creating amazing games. Would love to share how we've helped similar companies achieve significant cost savings and boost productivity. Looking forward to exploring how we can support GameVerse's growth.",None,failed
Stephanie Hall,shall@agriculture.farm,AgriTech Innovations,CEO,Agriculture,50-100,agritech.farm,Strategic Innovation Executive,High,8,"Stephanie is a visionary CEO with a strong background in agriculture and technology. She is driven by the need to stay competitive, improve efficiency, and reduce costs. Her primary concern is the growth and profitability of AgriTech Innovations. She values innovative solutions, data-driven insights, and strategic partnerships. Key pain points include managing limited resources, scaling operations, and mitigating risks. Stephanie is a decisive leader who prioritizes long-term success over short-term gains. | Approach: Focus on highlighting the potential of our solution to drive revenue growth, increase productivity, and reduce operational costs. Emphasize the value of our technology in addressing industry challenges, such as climate change, water scarcity, and crop yields. Use case studies, data, and expert testimonials to build credibility and trust. Schedule a meeting to discuss strategic partnerships and explore the potential for collaborative innovation.",Unlock Hidden Growth Potential in AgriTech,"Hi Stephanie,

I came across AgriTech Innovations and was impressed by your innovative approach to agricultural technology. As a CEO, I'm sure you're always on the lookout for ways to optimize operations, reduce costs, and scale efficiently. I've worked with several companies in the agriculture sector who've struggled to keep pace with increasing demands and regulatory pressures. Our AI-powered business automation platform has helped them achieve significant improvements in operational efficiency, freeing up resources for strategic growth initiatives. Would love to share how we've helped similar companies in your industry achieve remarkable results.

Best regards,
[Your Name]",None,failed
Justin Allen,jallen@construction.build,BuildSmart Construction,Director of Technology,Construction,100-500,buildsmart.build,Strategic Technology Director,High,8,"Key characteristics: Justin is a strategic thinker, focusing on long-term technology solutions that drive business growth and efficiency. He is likely highly educated, with a strong technical background, and has a deep understanding of the construction industry's unique challenges. Pain points: managing tech budgets, staying ahead of competition, ensuring data security. Motivations: innovation, cost savings, employee productivity. | Approach: Approach Justin by highlighting the strategic benefits of our technology solutions, such as improved project management, enhanced collaboration, and increased data security. Emphasize how our solutions can help BuildSmart Construction stay competitive, reduce costs, and improve employee productivity. Use case studies and success stories from similar construction companies to build credibility and trust.",Revolutionizing Construction Operations: Are You Ready?,"Hi Justin, 
   As the Director of Technology at BuildSmart Construction, I'm sure you've been wrestling with the challenge of optimizing your construction operations while maintaining quality and reducing costs. Our team has seen similar tech leaders struggle with manual processes, inefficient workflows, and difficulty scaling. That's why we developed our AI-powered business automation platform. It helps companies like yours streamline operations, reduce costs by up to 30%, and scale efficiently. Would love to share how we've helped similar companies in the construction industry achieve remarkable results. Let's chat!",None,failed
